n_end,a
1,-0.70093736-1.08115852i
2,-1.27244442-0.65122326i
3,-1.35334863-0.65017114i
4,-1.35521764-0.65732339i
5,-1.35591117-0.65777113i
6,-1.35593035-0.65780989i
7,-1.35593320-0.65781312i
8,-1.35593335-0.65781342i
9,-1.35593336-0.65781345i
