n_end,ba,bpa
1,nan+nani,-0.72126347-1.03577102i
2,-0.70800112-0.67781317i,-0.70800112-0.67781317i
3,-0.74577639-0.66799294i,-0.74577639-0.66799294i
4,-0.74126656-0.66940838i,-0.74126656-0.66940838i
5,-0.74134818-0.66963240i,-0.74134818-0.66963240i
6,-0.74133301-0.66965742i,-0.74133301-0.66965742i
7,-0.74133238-0.66966005i,-0.74133238-0.66966005i
8,-0.74133226-0.66966035i,-0.74133226-0.66966035i
9,-0.74133224-0.66966038i,-0.74133223-0.66966039i
