n_elements,uscat
456,-0.715530-0.683737i
954,-0.729557-0.676343i
2516,-0.736927-0.672266i
8034,-0.739965-0.670475i
25120,-0.740906-0.669916i
