n_end,bba,bpbpa,caa
1,-0.48268993-0.53532187i,-0.48268993-0.53532187i,-0.36696241-0.40697556i
2,-0.43867395-0.42593247i,-0.43867395-0.42593247i,-0.44076872-0.42796639i
3,-0.45611488-0.42326850i,-0.45611488-0.42326850i,-0.45490116-0.42320964i
4,-0.45465724-0.42333606i,-0.45465724-0.42333606i,-0.45466616-0.42333645i
5,-0.45466145-0.42338025i,-0.45466145-0.42338025i,-0.45465930-0.42338028i
6,-0.45465086-0.42338665i,-0.45465086-0.42338665i,
